"Source:","/Users/samhithpola/Documents/proj/proj.kicad_sch"
"Date:","2025-05-18T20:43:32-0700"
"Tool:","Eeschema 9.0.2"
"Generator:","/Applications/KiCad/KiCad.app/Contents/SharedSupport/plugins/bom_csv_grouped_by_value.py"
"Component Count:","7"

"Collated Components:"

"Item","Qty","Reference(s)","Value","LibPart","Footprint","Datasheet","DNP","Datasheet","Description","Footprint"
"1","2","D1, D2","SK6812MINI","LED:SK6812MINI","LED_SMD:LED_SK6812MINI_PLCC4_3.5x3.5mm_P1.75mm","https://cdn-shop.adafruit.com/product-files/2686/SK6812MINI_REV.01-1-2.pdf","","https://cdn-shop.adafruit.com/product-files/2686/SK6812MINI_REV.01-1-2.pdf","RGB LED with integrated controller","LED_SMD:LED_SK6812MINI_PLCC4_3.5x3.5mm_P1.75mm"
"2","4","SW1, SW2, SW3, SW4","SW_Push","Switch:SW_Push","Button_Switch_Keyboard:SW_Cherry_MX_1.00u_PCB","~","","~","Push button switch, generic, two pins","Button_Switch_Keyboard:SW_Cherry_MX_1.00u_PCB"
"3","1","U1","XIAO-RP2040-DIP","OPL:XIAO-RP2040-DIP","OPL:XIAO-RP2040-DIP","","","","","OPL:XIAO-RP2040-DIP"
