<?xml version="1.0" encoding="UTF-8"?>
<export version="E">
  <design>
    <source>/Users/samhithpola/Documents/proj/proj.kicad_sch</source>
    <date>2025-05-18T20:43:32-0700</date>
    <tool>Eeschema 9.0.2</tool>
    <sheet number="1" name="/" tstamps="/">
      <title_block>
        <title/>
        <company/>
        <rev/>
        <date/>
        <source>proj.kicad_sch</source>
        <comment number="1" value=""/>
        <comment number="2" value=""/>
        <comment number="3" value=""/>
        <comment number="4" value=""/>
        <comment number="5" value=""/>
        <comment number="6" value=""/>
        <comment number="7" value=""/>
        <comment number="8" value=""/>
        <comment number="9" value=""/>
      </title_block>
    </sheet>
  </design>
  <components>
    <comp ref="D1">
      <value>SK6812MINI</value>
      <footprint>LED_SMD:LED_SK6812MINI_PLCC4_3.5x3.5mm_P1.75mm</footprint>
      <datasheet>https://cdn-shop.adafruit.com/product-files/2686/SK6812MINI_REV.01-1-2.pdf</datasheet>
      <description>RGB LED with integrated controller</description>
      <fields>
        <field name="Footprint">LED_SMD:LED_SK6812MINI_PLCC4_3.5x3.5mm_P1.75mm</field>
        <field name="Datasheet">https://cdn-shop.adafruit.com/product-files/2686/SK6812MINI_REV.01-1-2.pdf</field>
        <field name="Description">RGB LED with integrated controller</field>
      </fields>
      <libsource lib="LED" part="SK6812MINI" description="RGB LED with integrated controller"/>
      <property name="Sheetname" value="Root"/>
      <property name="Sheetfile" value="proj.kicad_sch"/>
      <property name="ki_keywords" value="RGB LED NeoPixel Mini addressable"/>
      <property name="ki_fp_filters" value="LED*SK6812MINI*PLCC*3.5x3.5mm*P1.75mm*"/>
      <sheetpath names="/" tstamps="/"/>
      <tstamps>b7e4719b-01fd-4fc5-b913-c2855dc72f1d</tstamps>
    </comp>
    <comp ref="D2">
      <value>SK6812MINI</value>
      <footprint>LED_SMD:LED_SK6812MINI_PLCC4_3.5x3.5mm_P1.75mm</footprint>
      <datasheet>https://cdn-shop.adafruit.com/product-files/2686/SK6812MINI_REV.01-1-2.pdf</datasheet>
      <description>RGB LED with integrated controller</description>
      <fields>
        <field name="Footprint">LED_SMD:LED_SK6812MINI_PLCC4_3.5x3.5mm_P1.75mm</field>
        <field name="Datasheet">https://cdn-shop.adafruit.com/product-files/2686/SK6812MINI_REV.01-1-2.pdf</field>
        <field name="Description">RGB LED with integrated controller</field>
      </fields>
      <libsource lib="LED" part="SK6812MINI" description="RGB LED with integrated controller"/>
      <property name="Sheetname" value="Root"/>
      <property name="Sheetfile" value="proj.kicad_sch"/>
      <property name="ki_keywords" value="RGB LED NeoPixel Mini addressable"/>
      <property name="ki_fp_filters" value="LED*SK6812MINI*PLCC*3.5x3.5mm*P1.75mm*"/>
      <sheetpath names="/" tstamps="/"/>
      <tstamps>47984400-b701-4d4b-b215-53269bb57016</tstamps>
    </comp>
    <comp ref="SW1">
      <value>SW_Push</value>
      <footprint>Button_Switch_Keyboard:SW_Cherry_MX_1.00u_PCB</footprint>
      <description>Push button switch, generic, two pins</description>
      <fields>
        <field name="Footprint">Button_Switch_Keyboard:SW_Cherry_MX_1.00u_PCB</field>
        <field name="Datasheet"/>
        <field name="Description">Push button switch, generic, two pins</field>
      </fields>
      <libsource lib="Switch" part="SW_Push" description="Push button switch, generic, two pins"/>
      <property name="Sheetname" value="Root"/>
      <property name="Sheetfile" value="proj.kicad_sch"/>
      <property name="ki_keywords" value="switch normally-open pushbutton push-button"/>
      <sheetpath names="/" tstamps="/"/>
      <tstamps>7b2a3330-2e21-4725-9197-35e61b3a4bd8</tstamps>
    </comp>
    <comp ref="SW2">
      <value>SW_Push</value>
      <footprint>Button_Switch_Keyboard:SW_Cherry_MX_1.00u_PCB</footprint>
      <description>Push button switch, generic, two pins</description>
      <fields>
        <field name="Footprint">Button_Switch_Keyboard:SW_Cherry_MX_1.00u_PCB</field>
        <field name="Datasheet"/>
        <field name="Description">Push button switch, generic, two pins</field>
      </fields>
      <libsource lib="Switch" part="SW_Push" description="Push button switch, generic, two pins"/>
      <property name="Sheetname" value="Root"/>
      <property name="Sheetfile" value="proj.kicad_sch"/>
      <property name="ki_keywords" value="switch normally-open pushbutton push-button"/>
      <sheetpath names="/" tstamps="/"/>
      <tstamps>737b50bb-bdff-4b08-b8f2-a218eab81c5b</tstamps>
    </comp>
    <comp ref="SW3">
      <value>SW_Push</value>
      <footprint>Button_Switch_Keyboard:SW_Cherry_MX_1.00u_PCB</footprint>
      <description>Push button switch, generic, two pins</description>
      <fields>
        <field name="Footprint">Button_Switch_Keyboard:SW_Cherry_MX_1.00u_PCB</field>
        <field name="Datasheet"/>
        <field name="Description">Push button switch, generic, two pins</field>
      </fields>
      <libsource lib="Switch" part="SW_Push" description="Push button switch, generic, two pins"/>
      <property name="Sheetname" value="Root"/>
      <property name="Sheetfile" value="proj.kicad_sch"/>
      <property name="ki_keywords" value="switch normally-open pushbutton push-button"/>
      <sheetpath names="/" tstamps="/"/>
      <tstamps>b6ee8254-b1b7-49ae-a951-35b6b84b8319</tstamps>
    </comp>
    <comp ref="SW4">
      <value>SW_Push</value>
      <footprint>Button_Switch_Keyboard:SW_Cherry_MX_1.00u_PCB</footprint>
      <description>Push button switch, generic, two pins</description>
      <fields>
        <field name="Footprint">Button_Switch_Keyboard:SW_Cherry_MX_1.00u_PCB</field>
        <field name="Datasheet"/>
        <field name="Description">Push button switch, generic, two pins</field>
      </fields>
      <libsource lib="Switch" part="SW_Push" description="Push button switch, generic, two pins"/>
      <property name="Sheetname" value="Root"/>
      <property name="Sheetfile" value="proj.kicad_sch"/>
      <property name="ki_keywords" value="switch normally-open pushbutton push-button"/>
      <sheetpath names="/" tstamps="/"/>
      <tstamps>80d3f120-6eb9-4080-ab8e-92d39bea19cd</tstamps>
    </comp>
    <comp ref="U1">
      <value>XIAO-RP2040-DIP</value>
      <footprint>OPL:XIAO-RP2040-DIP</footprint>
      <fields>
        <field name="Footprint">OPL:XIAO-RP2040-DIP</field>
        <field name="Datasheet"/>
        <field name="Description"/>
      </fields>
      <libsource lib="OPL" part="XIAO-RP2040-DIP" description=""/>
      <property name="Sheetname" value="Root"/>
      <property name="Sheetfile" value="proj.kicad_sch"/>
      <sheetpath names="/" tstamps="/"/>
      <tstamps>459bfe38-71b4-4982-980c-bb1528b9ae6a</tstamps>
    </comp>
  </components>
  <libparts>
    <libpart lib="LED" part="SK6812MINI">
      <description>RGB LED with integrated controller</description>
      <docs>https://cdn-shop.adafruit.com/product-files/2686/SK6812MINI_REV.01-1-2.pdf</docs>
      <footprints>
        <fp>LED*SK6812MINI*PLCC*3.5x3.5mm*P1.75mm*</fp>
      </footprints>
      <fields>
        <field name="Reference">D</field>
        <field name="Value">SK6812MINI</field>
        <field name="Footprint">LED_SMD:LED_SK6812MINI_PLCC4_3.5x3.5mm_P1.75mm</field>
        <field name="Datasheet">https://cdn-shop.adafruit.com/product-files/2686/SK6812MINI_REV.01-1-2.pdf</field>
        <field name="Description">RGB LED with integrated controller</field>
      </fields>
      <pins>
        <pin num="1" name="DOUT" type="output"/>
        <pin num="2" name="VSS" type="power_in"/>
        <pin num="3" name="DIN" type="input"/>
        <pin num="4" name="VDD" type="power_in"/>
      </pins>
    </libpart>
    <libpart lib="OPL" part="XIAO-RP2040-DIP">
      <fields>
        <field name="Reference">U</field>
        <field name="Value">XIAO-RP2040-DIP</field>
        <field name="Footprint">Module:MOUDLE14P-XIAO-DIP-SMD</field>
        <field name="Datasheet"/>
        <field name="Description"/>
      </fields>
      <pins>
        <pin num="1" name="GPIO26/ADC0/A0" type="passive"/>
        <pin num="2" name="GPIO27/ADC1/A1" type="passive"/>
        <pin num="3" name="GPIO28/ADC2/A2" type="passive"/>
        <pin num="4" name="GPIO29/ADC3/A3" type="passive"/>
        <pin num="5" name="GPIO6/SDA" type="passive"/>
        <pin num="6" name="GPIO7/SCL" type="passive"/>
        <pin num="7" name="GPIO0/TX" type="passive"/>
        <pin num="8" name="GPIO1/RX" type="passive"/>
        <pin num="9" name="GPIO2/SCK" type="passive"/>
        <pin num="10" name="GPIO4/MISO" type="passive"/>
        <pin num="11" name="GPIO3/MOSI" type="passive"/>
        <pin num="12" name="3V3" type="passive"/>
        <pin num="13" name="GND" type="passive"/>
        <pin num="14" name="VBUS" type="passive"/>
      </pins>
    </libpart>
    <libpart lib="Switch" part="SW_Push">
      <description>Push button switch, generic, two pins</description>
      <docs>~</docs>
      <fields>
        <field name="Reference">SW</field>
        <field name="Value">SW_Push</field>
        <field name="Footprint"/>
        <field name="Datasheet">~</field>
        <field name="Description">Push button switch, generic, two pins</field>
      </fields>
      <pins>
        <pin num="1" name="1" type="passive"/>
        <pin num="2" name="2" type="passive"/>
      </pins>
    </libpart>
  </libparts>
  <libraries>
    <library logical="LED">
      <uri>/Applications/KiCad/KiCad.app/Contents/SharedSupport/symbols//LED.kicad_sym</uri>
    </library>
    <library logical="OPL">
      <uri>/Users/samhithpola/Documents/proj/OPL_Kicad_Library-master/Seeed Studio XIAO Series Library/Seeed_Studio_XIAO_Series.kicad_sym</uri>
    </library>
    <library logical="Switch">
      <uri>/Applications/KiCad/KiCad.app/Contents/SharedSupport/symbols//Switch.kicad_sym</uri>
    </library>
  </libraries>
  <nets>
    <net code="1" name="+5V" class="Default">
      <node ref="D1" pin="4" pinfunction="VDD" pintype="power_in"/>
      <node ref="D2" pin="4" pinfunction="VDD" pintype="power_in"/>
      <node ref="U1" pin="14" pinfunction="VBUS" pintype="passive"/>
    </net>
    <net code="2" name="GND" class="Default">
      <node ref="D1" pin="2" pinfunction="VSS" pintype="power_in"/>
      <node ref="D2" pin="2" pinfunction="VSS" pintype="power_in"/>
      <node ref="SW1" pin="1" pinfunction="1" pintype="passive"/>
      <node ref="SW2" pin="1" pinfunction="1" pintype="passive"/>
      <node ref="SW3" pin="1" pinfunction="1" pintype="passive"/>
      <node ref="SW4" pin="1" pinfunction="1" pintype="passive"/>
      <node ref="U1" pin="13" pinfunction="GND" pintype="passive"/>
    </net>
    <net code="3" name="Net-(D1-DIN)" class="Default">
      <node ref="D1" pin="3" pinfunction="DIN" pintype="input"/>
      <node ref="U1" pin="5" pinfunction="GPIO6/SDA" pintype="passive"/>
    </net>
    <net code="4" name="Net-(D1-DOUT)" class="Default">
      <node ref="D1" pin="1" pinfunction="DOUT" pintype="output"/>
      <node ref="D2" pin="3" pinfunction="DIN" pintype="input"/>
    </net>
    <net code="5" name="Net-(U1-GPIO1/RX)" class="Default">
      <node ref="SW1" pin="2" pinfunction="2" pintype="passive"/>
      <node ref="U1" pin="8" pinfunction="GPIO1/RX" pintype="passive"/>
    </net>
    <net code="6" name="Net-(U1-GPIO2/SCK)" class="Default">
      <node ref="SW2" pin="2" pinfunction="2" pintype="passive"/>
      <node ref="U1" pin="9" pinfunction="GPIO2/SCK" pintype="passive"/>
    </net>
    <net code="7" name="Net-(U1-GPIO3/MOSI)" class="Default">
      <node ref="SW4" pin="2" pinfunction="2" pintype="passive"/>
      <node ref="U1" pin="11" pinfunction="GPIO3/MOSI" pintype="passive"/>
    </net>
    <net code="8" name="Net-(U1-GPIO4/MISO)" class="Default">
      <node ref="SW3" pin="2" pinfunction="2" pintype="passive"/>
      <node ref="U1" pin="10" pinfunction="GPIO4/MISO" pintype="passive"/>
    </net>
    <net code="9" name="unconnected-(D2-DOUT-Pad1)" class="Default">
      <node ref="D2" pin="1" pinfunction="DOUT" pintype="output"/>
    </net>
    <net code="10" name="unconnected-(U1-3V3-Pad12)" class="Default">
      <node ref="U1" pin="12" pinfunction="3V3" pintype="passive"/>
    </net>
    <net code="11" name="unconnected-(U1-GPIO0/TX-Pad7)" class="Default">
      <node ref="U1" pin="7" pinfunction="GPIO0/TX" pintype="passive"/>
    </net>
    <net code="12" name="unconnected-(U1-GPIO7/SCL-Pad6)" class="Default">
      <node ref="U1" pin="6" pinfunction="GPIO7/SCL" pintype="passive"/>
    </net>
    <net code="13" name="unconnected-(U1-GPIO26/ADC0/A0-Pad1)" class="Default">
      <node ref="U1" pin="1" pinfunction="GPIO26/ADC0/A0" pintype="passive"/>
    </net>
    <net code="14" name="unconnected-(U1-GPIO27/ADC1/A1-Pad2)" class="Default">
      <node ref="U1" pin="2" pinfunction="GPIO27/ADC1/A1" pintype="passive"/>
    </net>
    <net code="15" name="unconnected-(U1-GPIO28/ADC2/A2-Pad3)" class="Default">
      <node ref="U1" pin="3" pinfunction="GPIO28/ADC2/A2" pintype="passive"/>
    </net>
    <net code="16" name="unconnected-(U1-GPIO29/ADC3/A3-Pad4)" class="Default">
      <node ref="U1" pin="4" pinfunction="GPIO29/ADC3/A3" pintype="passive"/>
    </net>
  </nets>
</export>
